id,status,solution,createdAt,updatedAt,customerId,productPurchaseId,productCondition,damageDescription,damageDate
0021ef89-a08c-48f3-878e-d2a1170e8c3e,Approved,Claim denied,2023-03-30 21:49:41.248642,2023-03-30 21:49:41.248642,5a54bbec-e954-4bc2-a95c-54b98e3bef92,18970033-cca8-4f83-8744-98f51bf09bf3,SD,Eius ut ab.,2023-03-28
0101b06b-78fe-456b-a276-31649b4053b5,Under Review,Claim voided,2023-03-30 21:49:41.347936,2023-03-30 21:49:41.347936,6a133281-553e-41ba-994d-61744d5bd384,cccf6109-acd9-4564-84aa-b9aa052ee5ab,CD,Non vitae sint quam voluptatum qui aut odio iste.,2023-03-22
0200b7d4-7d6a-45ec-9ab7-3b015031dacb,Draft,Repair,2023-03-30 21:49:41.343228,2023-03-30 21:49:41.343228,f6750b9e-bbba-487c-a209-d12144836daa,54a307dd-0ef0-45d2-8af7-411ad8f24faa,IT,Aliquam rerum voluptatem adipisci repellendus eveniet possimus cupiditate reprehenderit.,2023-03-17
020e4d78-e3e8-418b-b44e-d07f4ba4e014,Closed,Claim voided,2023-03-30 21:49:41.353657,2023-03-30 21:49:41.353657,19c03c18-5986-46c2-8ac4-1896a77b6e45,985c5844-af53-4c78-b16e-c801a219f69f,CD,Amet qui et fugit est animi quo nihil magni hic.,2023-03-25
0243ad7a-09cc-443e-b9ff-2f2bb40fe3bf,Under Review,Replacement,2023-03-30 21:49:41.360145,2023-03-30 21:49:41.360145,6d38c59b-31f7-47b4-9f54-56dd830dccf3,d63e411b-5ea7-44de-b457-6151158c16e3,IT,Repellat voluptatum libero.,2023-03-19
02eee0ac-58c3-473d-8c93-4c6fb2a4177d,Closed,Replacement,2023-03-30 21:49:41.385114,2023-03-30 21:49:41.385114,c387e5de-7859-40f0-90fe-cf5ee8be78de,3bea90c4-6ac7-4cbf-83ef-74e905a54403,AC,Aut nisi in labore aut voluptatem.,2023-03-21
043454cb-c507-4bb3-995a-81d774977052,Under Review,Repair,2023-03-30 21:49:41.224841,2023-03-30 21:49:41.224841,2f70be4d-9c7c-4a0c-85aa-89bfed6a5a7b,59efee2d-b91d-4f05-8439-3a142bcae2dd,MD,Est quia debitis est.,2023-03-29
06ae0556-1aea-4a3a-8287-1478a907efa9,Draft,Repair,2023-03-30 21:49:41.267935,2023-03-30 21:49:41.267935,ba923654-cf67-4d89-8ec0-db6ddd42edca,9c6d44fc-e9a1-4e4b-85fd-f3b71fc512fd,AC,Debitis aut nemo ab laborum quia nostrum accusamus quam.,2023-03-22
0979c3a0-a5de-42db-ae2b-1ffe295b8f3b,Under Review,No response,2023-03-30 21:49:41.340919,2023-03-30 21:49:41.340919,7dc67635-4355-40de-9a65-1d18f6ac5065,9ab9e365-f602-49ac-9320-b36ca4997a0e,CD,,2023-03-20
09ed373f-3aeb-4d82-be0c-743a31818d90,Draft,Repair,2023-03-30 21:49:41.369285,2023-03-30 21:49:41.369285,12673ece-c60f-48cb-858f-83be752e465b,3babbc96-05b0-4458-8990-76d0df1aebae,SD,Ut qui vel vitae iusto nam alias amet facilis quod.,2023-03-05
0a76acad-2592-4947-803d-9b0a33804ae7,Draft,Reimbursement,2023-03-30 21:49:41.32837,2023-03-30 21:49:41.32837,8f51eb4f-05ca-4a9e-9d8a-b762bfef252c,4c76c79f-589d-46a7-ad7a-46481fd85f64,SD,Animi sint beatae alias.,2023-03-11
0a9725e5-6ba2-4146-b3f8-1801015c3df8,Draft,Claim voided,2023-03-30 21:49:41.239525,2023-03-30 21:49:41.239525,a13983c5-186b-4655-a0a0-a7f1ce7bf23c,b0bc57e5-1a67-42f0-8518-8468170e8bce,IT,Laboriosam eaque velit voluptatem inventore.,2023-03-30
0b1e8ba2-6163-42d1-967f-228635a62bce,Under Review,Claim denied,2023-03-30 21:49:41.244169,2023-03-30 21:49:41.244169,69615186-43c4-4db7-a837-cc12a9437572,4733bd5e-c58b-4ff9-a24b-1469214e1c23,MD,,2023-03-06
0c7058c9-b0c2-4856-b3c5-9c1c6a8175f2,In Progress,Replacement,2023-03-30 21:49:41.428426,2023-03-30 21:49:41.428426,57ecde4c-c25e-4264-9e8f-5ea0e133948d,eaad7381-d064-4815-855c-270c90947c45,SD,Et nulla quae.,2023-03-29
0e7b5b7d-7ba1-47f6-9f82-9bd6690190af,Approved,No response,2023-03-30 21:49:41.313173,2023-03-30 21:49:41.313173,d9fccde0-f4cf-4eee-a80a-058d8ec31063,38873381-e31a-4746-ab23-b047dd14b841,SF,,2023-03-29
0f8d21d9-363a-40f9-97a1-0c3cdd9c99d4,Closed,Claim voided,2023-03-30 21:49:41.357915,2023-03-30 21:49:41.357915,8937db91-e873-47f2-a6ff-73ec97c6d471,51c4f3b6-4fed-4ddd-8c62-192dc18ee1df,SD,,2023-03-20
10c4c385-dcce-4882-84ab-94942f7dddfd,Draft,Repair,2023-03-30 21:49:41.234956,2023-03-30 21:49:41.234956,4bfc7eea-badc-4475-a546-941e08f2629e,6370f5a2-df0b-4e95-bf74-b13fd9158c1b,SF,Dolores molestiae ullam tempore ex.,2023-03-10
11651afb-e925-4b81-b4b7-ebe98d9527c6,Under Review,Reimbursement,2023-03-30 21:49:41.325946,2023-03-30 21:49:41.325946,15db70dd-699c-49ba-abb2-409bf8e82dc9,6b7b1ca5-9ac3-466d-aa13-4907c78f58ce,CD,,2023-03-05
11cc3fb3-b895-43ce-9c60-ab4c63939b95,Closed,Claim resolved,2023-03-30 21:49:41.410044,2023-03-30 21:49:41.410044,520818b3-8b8f-4b76-996d-acbfd273ecd2,68d90938-f15d-4c4c-9d21-5c8903850cf3,SD,Modi quaerat sed delectus laboriosam quia assumenda.,2023-03-29
1233baf3-44b0-47f3-bac2-b5fdee2c5d44,Draft,Claim resolved,2023-03-30 21:49:41.232836,2023-03-30 21:49:41.232836,60efe135-13de-463a-ba54-c4da104b9411,afa3359b-6276-4c5b-889f-a5b332e37fa7,SF,Fugiat quis neque aspernatur ut quidem assumenda minus.,2023-03-14
1444e93b-9909-4436-baca-5360f89c2e56,Approved,Claim voided,2023-03-30 21:49:41.404079,2023-03-30 21:49:41.404079,10d1ee36-1c1b-416e-b105-1cc01138aaf8,4af3d698-f62c-4210-bbf5-bc60a72498cb,MD,Atque qui eos voluptatibus animi distinctio asperiores nisi eius.,2023-03-01
158d5415-dba7-4156-bda3-f928f2aedf11,Closed,Cleaning kit,2023-03-30 21:49:41.38288,2023-03-30 21:49:41.38288,76b433a4-cb3a-49e5-869a-ab104593c432,306fe6da-b897-48cb-8d56-624b380a271d,SF,Autem molestiae et officia et.,2023-03-29
164f7a80-8332-4f9a-a61d-f88bee98681a,Closed,Replacement,2023-03-30 21:49:41.203868,2023-03-30 21:49:41.203868,9fdf5fe3-de1f-42fe-8e73-768ee97c22d5,e89e85e0-ea35-4958-82f3-c96bbec81764,SF,Voluptates magni magni quo et sed odit nemo a.,2023-03-16
17c755ef-7986-4471-984d-9f9cd7de5de2,Under Review,Repair,2023-03-30 21:49:41.210809,2023-03-30 21:49:41.210809,807ebdb7-041d-413c-8eaf-ee9d224ed62f,f46e6d3f-d86f-46f0-94cc-b603a4328ad5,SD,,2023-03-02
18c18fc4-5870-4ad7-b523-4718b975c764,Under Review,Repair,2023-03-30 21:49:41.254554,2023-03-30 21:49:41.254554,8c8044f8-4f67-4d68-911a-c5d6ab41aa10,d5053183-18c6-4830-ae26-3082522f40b3,AC,Ea molestias qui aperiam odit vero modi assumenda.,2023-03-08
19fae963-0fd8-4a3a-88e1-bafee993730f,In Progress,Repair,2023-03-30 21:49:41.420404,2023-03-30 21:49:41.420404,83cf0390-4ee3-48a9-94e7-32c93df14ab5,f75c85c6-dae3-4fac-a815-6eaedad7b886,AC,,2023-03-16
1bd08f59-8a8f-4ed2-825d-2351dad1c195,Approved,Claim resolved,2023-03-30 21:49:41.290286,2023-03-30 21:49:41.290286,87e33c89-b3a5-42e2-864f-c13df1e256d2,4b367c05-ba54-4711-901b-8de258ff5f4a,SD,Tempore rerum dolore et.,2023-03-30
1c3ab15a-97a5-44ab-a399-dcc809e9f889,Under Review,Replacement,2023-03-30 21:49:41.315745,2023-03-30 21:49:41.315745,e0e065bf-fcfb-4575-a514-09104761d69c,ca276b3d-183b-4bfb-9c8f-6a64c53a9e66,MD,Incidunt qui laudantium possimus nisi dolorem repellat.,2023-03-08
1c3b6f8d-0955-40b0-981f-22ea23ed547f,Closed,Claim voided,2023-03-30 21:49:41.417183,2023-03-30 21:49:41.417183,1d3758b7-b906-4aa8-9c91-ffcf3526d528,07bb7f44-7ae6-4905-ab5b-b97625e8ff78,SD,,2023-03-28
1d059747-8dc0-4199-9b0f-41259a9e4d35,Closed,Claim denied,2023-03-30 21:49:41.206715,2023-03-30 21:49:41.206715,8f51eb4f-05ca-4a9e-9d8a-b762bfef252c,e21c4f78-db51-4061-a935-c783a3848cb2,MD,Id repellendus quam.,2023-03-11
1f5dc65a-b024-4948-8c70-e0d1f1d3ff50,Approved,Claim denied,2023-03-30 21:49:41.370425,2023-03-30 21:49:41.370425,3a9a5d30-5367-4d26-8010-50102ee3fd66,307759e3-e154-450d-aeb3-97bb662876da,SD,Non ipsum nesciunt omnis animi.,2023-03-25
247af444-8716-4f45-986e-6fbda17d469b,Approved,Cleaning kit,2023-03-30 21:49:41.291482,2023-03-30 21:49:41.291482,6340a1c5-5ac4-4eb1-a7c3-88b9be0cedc4,4e2eb530-ac2c-4bf7-a501-908ab39eb0f7,MD,Est occaecati nam.,2023-03-10
25090047-3368-4c60-9f3e-abe09925fb0b,Under Review,Claim denied,2023-03-30 21:49:41.363538,2023-03-30 21:49:41.363538,69615186-43c4-4db7-a837-cc12a9437572,c04e6d08-aed4-4064-8da8-d8d73e5522d8,SD,Et aspernatur eligendi ducimus.,2023-03-16
267004ba-5e76-4d0e-a2e1-99574e45e34b,Approved,Repair,2023-03-30 21:49:41.300773,2023-03-30 21:49:41.300773,b3580862-2664-4efb-8778-26e338ed4928,9b8e9675-7cfb-4623-86f8-7e66bf9e2a60,SD,,2023-03-24
27d5658d-b0ad-44f7-9b5d-a80467bfa6ee,Draft,Reimbursement,2023-03-30 21:49:41.262482,2023-03-30 21:49:41.262482,76b433a4-cb3a-49e5-869a-ab104593c432,57755dd7-d30c-4847-8cc6-7820ad66747d,CD,Adipisci voluptates magnam rerum incidunt dolor accusamus doloremque.,2023-03-12
27ef8282-a2cd-4b69-a8bb-f9b6955b5580,Under Review,Repair,2023-03-30 21:49:41.299552,2023-03-30 21:49:41.299552,1d3758b7-b906-4aa8-9c91-ffcf3526d528,52848ec0-256f-4aef-b3fa-b744a5f390f9,MD,Ut voluptas nostrum eos odit animi.,2023-03-16
29e49cd5-0201-481c-9de9-ac211f72c683,In Progress,Replacement,2023-03-30 21:49:41.231751,2023-03-30 21:49:41.231751,7eba7acb-9b5f-457d-a564-8f77c24190c9,d64b6b3c-c7e8-4471-8f6e-1c390c7490dc,SF,Dolor cum id vitae dolore nobis labore.,2023-03-25
2a0d29fe-71df-4cf6-b383-d65c78775df9,Under Review,Replacement,2023-03-30 21:49:41.24525,2023-03-30 21:49:41.24525,03f317a7-3559-4848-aabd-e83a27039eef,72f9d364-eb3d-447d-a711-23446e52a2cf,MD,,2023-03-09
2a6bec10-f890-4900-b4f5-8a98c85611a5,Draft,Claim voided,2023-03-30 21:49:41.41821,2023-03-30 21:49:41.41821,b3580862-2664-4efb-8778-26e338ed4928,9b8e9675-7cfb-4623-86f8-7e66bf9e2a60,SF,Aut libero provident facilis possimus libero eos.,2023-03-16
2bf2583c-210f-4484-952c-078826a19945,Draft,No response,2023-03-30 21:49:41.389095,2023-03-30 21:49:41.389095,be01d128-6f57-488e-bd69-eedf4fa014db,41315b6f-ebe5-41ce-b1c3-58fa869133fe,MD,Et autem et consequatur in laudantium.,2023-03-27
2d9bb9f4-8adc-48b5-90d0-7a1136e9105c,Closed,Claim voided,2023-03-30 21:49:41.408902,2023-03-30 21:49:41.408902,6340a1c5-5ac4-4eb1-a7c3-88b9be0cedc4,4e2eb530-ac2c-4bf7-a501-908ab39eb0f7,MD,Corporis consequatur officia velit est.,2023-03-10
2da60fe7-9310-4953-b21b-000e53033a58,In Progress,Claim resolved,2023-03-30 21:49:41.307349,2023-03-30 21:49:41.307349,c42a298e-8811-42b4-afe4-058ed9edb332,3b33260c-d258-4bd7-9990-1053407b78df,SF,Corporis deleniti nulla.,2023-03-10
2df8efd2-92fd-486d-80fb-ea63c360b84e,Approved,Claim voided,2023-03-30 21:49:41.419302,2023-03-30 21:49:41.419302,0fec7aad-7c06-4afc-8e35-5f2ce4c26520,2eb8b2e8-274d-4149-ab3a-4a090155cb46,MD,Saepe dolores temporibus nam.,2023-03-27
2f832ba6-d9c2-4efc-aa88-fd8f762c8b13,Closed,Claim resolved,2023-03-30 21:49:41.344612,2023-03-30 21:49:41.344612,2f70be4d-9c7c-4a0c-85aa-89bfed6a5a7b,caba6bf8-cf9c-4d6a-b01d-f5a1e43a7e88,SD,,2023-03-24
32d5930c-1d12-42ae-8f78-63b085aec683,Closed,Replacement,2023-03-30 21:49:41.225974,2023-03-30 21:49:41.225974,7965ff27-bf13-4990-b762-f337b567873c,15b07e52-b419-421e-8da7-0ba099ea1718,SF,,2023-03-13
3361bf33-d2ce-41b1-a731-8bcc315bdcae,Draft,Cleaning kit,2023-03-30 21:49:41.327208,2023-03-30 21:49:41.327208,9fdf5fe3-de1f-42fe-8e73-768ee97c22d5,e89e85e0-ea35-4958-82f3-c96bbec81764,MD,Blanditiis dignissimos neque optio iure ratione quia consectetur iusto.,2023-03-29
367d4a69-3f84-4b0e-a3f5-f55fc0572aa3,Draft,Cleaning kit,2023-03-30 21:49:41.240699,2023-03-30 21:49:41.240699,6d38c59b-31f7-47b4-9f54-56dd830dccf3,5e6fbeba-82a5-4666-9560-c33fe571ae4f,SD,A odit placeat.,2023-03-22
36cec606-3134-4e82-b12e-b55795af8775,In Progress,Replacement,2023-03-30 21:49:41.352531,2023-03-30 21:49:41.352531,60efe135-13de-463a-ba54-c4da104b9411,e3d6fa87-b277-42cf-8b0f-111c7ef8d521,MD,Sed quia tempora.,2023-03-05
37cf7e2e-f1a7-40cd-bfbd-a1c44c85ca42,Under Review,Claim denied,2023-03-30 21:49:41.305084,2023-03-30 21:49:41.305084,d4edca7a-c426-42c0-9be4-2a1734dd07e7,27e5ccaf-4725-405e-b264-7a2727db50fd,MD,Et ut suscipit ut vitae quis aliquid nobis illum.,2023-03-13
3995acb8-da6a-493b-864f-5623d8b19cb8,Approved,Repair,2023-03-30 21:49:41.209532,2023-03-30 21:49:41.209532,af117b7a-5b5a-4636-b143-16b7e80e99ad,d92bb8fd-2dff-4b25-a81c-9ef08ad03f8e,AC,Repellat officia sint sit eos quod corporis eligendi illum aut.,2023-03-04
39d87c58-aeab-4738-8fbb-f6da9919c96d,In Progress,Cleaning kit,2023-03-30 21:49:41.266322,2023-03-30 21:49:41.266322,5777c5d5-5e9b-4ee7-8c52-59dea331ce6e,31bbc929-500b-446c-9721-f0cb1a6122c3,MD,Quam enim dolore harum aut.,2023-03-11
3aea8c8a-b615-48ea-a0f0-b83c46562c24,Under Review,Repair,2023-03-30 21:49:41.430887,2023-03-30 21:49:41.430887,d9fccde0-f4cf-4eee-a80a-058d8ec31063,afe42aa2-ad45-4aaf-b6d1-14567bca1693,AC,,2023-03-20
3c759a35-e2d0-4550-937d-6a2e528bbba8,In Progress,Claim resolved,2023-03-30 21:49:41.286731,2023-03-30 21:49:41.286731,10d1ee36-1c1b-416e-b105-1cc01138aaf8,33617932-13c1-488b-b029-6ae8c57aaaf4,AC,Quis minima harum.,2023-03-29
3dd6ea8d-f443-4f04-8a07-ac170159b14b,Draft,Claim voided,2023-03-30 21:49:41.437793,2023-03-30 21:49:41.437793,a11cac0d-dd5f-4553-881d-9a7ad908d4b5,6ec71c12-aaad-4eaf-b87c-741a79b5eb83,SF,Aliquid qui possimus natus aut magni.,2023-03-01
3f32a69e-4932-4479-a04b-589ac2028973,Approved,Repair,2023-03-30 21:49:41.260229,2023-03-30 21:49:41.260229,83c98077-946f-455f-8e20-b080e1c71db5,8811df3a-ea23-4bab-b698-f7f07b3f98cf,SD,,2023-03-24
4008e001-c40f-47a8-8a39-35af9bd7134a,Approved,Claim denied,2023-03-30 21:49:41.374002,2023-03-30 21:49:41.374002,8c8044f8-4f67-4d68-911a-c5d6ab41aa10,d5053183-18c6-4830-ae26-3082522f40b3,CD,Molestiae velit hic expedita iste porro consectetur aut fugit aperiam.,2023-03-27
400b03ed-a20d-4c9c-89f3-e15b9b11f37c,Closed,Claim voided,2023-03-30 21:49:41.229531,2023-03-30 21:49:41.229531,1dca933e-a4b3-49ad-900e-36ad1f86dfe0,06e1d59d-5546-4034-b316-e2bb806f8b95,MD,,2023-03-19
41332649-87de-4873-8a18-7d90b1c8dacd,In Progress,Reimbursement,2023-03-30 21:49:41.258088,2023-03-30 21:49:41.258088,154d727e-cdf2-494e-80dc-1312fa0b95d5,9926737a-74df-48da-a896-3675a4c127cb,IT,,2023-03-07
41859183-f7a6-43c2-adb7-9333e7fe72b2,Draft,Repair,2023-03-30 21:49:41.411177,2023-03-30 21:49:41.411177,8d00605d-57fb-48c9-8c6e-1aecfcce61c5,ea9f6150-6357-49cc-a019-c76fafb9f730,AC,Accusantium nam aspernatur quo et neque quia beatae dolorem consequatur.,2023-03-20
43b6211f-5cda-48ed-b906-ae77b35ab93b,Under Review,Cleaning kit,2023-03-30 21:49:41.236061,2023-03-30 21:49:41.236061,fd3d58c5-08e8-4f0f-97f8-024f87d173db,b088be26-5627-471f-8c9e-968d2c2aaaed,SD,,2023-03-07
4451454a-9590-4fef-aab1-56a26f659195,Approved,No response,2023-03-30 21:49:41.314532,2023-03-30 21:49:41.314532,9dac4058-1ccc-48ad-8441-19bd99bb425e,c0d44d30-58d0-4c43-bfe1-686c67da6bd5,AC,,2023-03-21
47476ce8-1fff-4862-934e-420a2987030a,In Progress,Claim denied,2023-03-30 21:49:41.379417,2023-03-30 21:49:41.379417,4709daca-0901-4891-9660-f26797b77ff7,1c0205ee-dd82-43ea-b3f4-f107ce25a172,SF,,2023-03-16
47714fa4-d146-4a9c-9d56-6dbb4ed579f2,In Progress,No response,2023-03-30 21:49:41.427151,2023-03-30 21:49:41.427151,a7eec47c-aebc-4bc6-82dd-d492eacd2c36,e040efd8-5040-4d28-9761-90c62f976103,SF,,2023-03-29
47bcfab2-8fbe-4679-8ee8-0710e7afc4d7,Approved,Replacement,2023-03-30 21:49:41.431976,2023-03-30 21:49:41.431976,9dac4058-1ccc-48ad-8441-19bd99bb425e,c0dd57e4-da71-40f1-817f-229557312eef,SF,Ducimus exercitationem qui.,2023-03-24
4b43a19e-a5cc-47ee-b5e8-8389e959d138,Draft,Repair,2023-03-30 21:49:41.442206,2023-03-30 21:49:41.442206,15db70dd-699c-49ba-abb2-409bf8e82dc9,00fccaf0-618e-4369-bc2c-868b9048e26f,CD,Magni ducimus sit ut.,2023-03-12
4ba36c1a-7caf-4e79-a0c9-8778876679d6,Approved,Repair,2023-03-30 21:49:41.361268,2023-03-30 21:49:41.361268,1a6c2a0a-f452-41c1-bbff-7556936f1854,bc557d15-e3c6-4297-983d-7ae11f18b66b,MD,,2023-03-19
4bf98a11-d545-4b13-a619-b0f172bd2a57,Under Review,Claim resolved,2023-03-30 21:49:41.233909,2023-03-30 21:49:41.233909,19c03c18-5986-46c2-8ac4-1896a77b6e45,92afa0ba-ebd8-4b13-b75f-4b8f0fb12575,SF,Dolorem impedit ut.,2023-03-15
4ce14d2f-4bbb-463d-96b5-49d2d6812184,Approved,Replacement,2023-03-30 21:49:41.429752,2023-03-30 21:49:41.429752,20a46fc9-7a04-4fcb-bab8-ec3a52067323,9dca083d-9eb8-46d1-adcf-062cc216d63e,SD,Suscipit dolorem et fugit ut voluptatibus voluptas.,2023-03-04
4dd3829c-9c5e-4e71-8955-96822f33d893,Under Review,Repair,2023-03-30 21:49:41.294874,2023-03-30 21:49:41.294874,ff6b9889-fbf2-40e6-b856-17948623cd75,9244966f-9224-41e3-bba2-7a548dde337d,SD,Rerum placeat ab sunt.,2023-03-20
4eabeba1-8989-4b27-b383-fc50a3205110,Under Review,Repair,2023-03-30 21:49:41.395759,2023-03-30 21:49:41.395759,43d1e9cc-0fe7-4ee4-9d56-3ab1b0d19378,8a452d4b-66ae-4b1d-bd1f-e1a853200204,CD,Recusandae quaerat soluta repellat sint occaecati suscipit qui quia.,2023-03-29
4f81fa74-aab1-4afe-b440-da6c5baf8e27,Under Review,Reimbursement,2023-03-30 21:49:41.227069,2023-03-30 21:49:41.227069,959e6ce0-bb81-4630-9375-cee923bf1fd2,d3efa6da-9c90-400a-b3b0-22edbf1ec385,SD,Distinctio sint accusantium eligendi excepturi quaerat molestiae occaecati.,2023-03-30
4fba6e98-7169-451d-9e7c-6e8a49a13ee3,Draft,Claim voided,2023-03-30 21:49:41.392514,2023-03-30 21:49:41.392514,b6ed8a86-cd19-448f-91ea-a8ea0c3a685d,4ffedaf3-9e2f-40ee-8766-9bb8a7d4ad84,MD,Et quos aut voluptatem et.,2023-03-10
5298b640-9faa-4f28-b4d5-3602cdd315e8,Under Review,Claim voided,2023-03-30 21:49:41.329657,2023-03-30 21:49:41.329657,5656c6c7-b35a-41f8-8f4c-f876cd713e15,124fa37e-2f6d-46f8-a58a-c92c3a8b16ed,AC,Dolor cupiditate ad amet quis adipisci autem alias.,2023-03-01
583050b6-77f0-481a-988d-80ab1384d245,Approved,Claim denied,2023-03-30 21:49:41.282896,2023-03-30 21:49:41.282896,115ad7e2-e987-44f3-95ca-f23e5b05c8b5,9b7edae5-59f1-4e66-b491-afbfd4878221,AC,,2023-03-13
58fc811e-a981-45ef-88d0-763deacc65f9,Approved,Reimbursement,2023-03-30 21:49:41.323545,2023-03-30 21:49:41.323545,cc79b3c9-4c4b-452b-823b-774d22dbe70f,c6b5b099-c049-4ca9-a60e-ce8c50ebafaa,MD,,2023-03-26
5c950c28-7d0e-49af-bd0f-7fc245aa674a,In Progress,Repair,2023-03-30 21:49:41.384052,2023-03-30 21:49:41.384052,0cac7fa4-36e9-4f07-af30-c5a1cc133d25,20510095-6bdf-4905-9838-84545eed8486,MD,,2023-03-07
5caab997-2e02-4793-8561-092cc44819c4,Draft,No response,2023-03-30 21:49:41.249811,2023-03-30 21:49:41.249811,12673ece-c60f-48cb-858f-83be752e465b,efd9f551-abd0-4941-b613-1b0df52439a4,SD,Eveniet nisi aut excepturi autem id maxime laudantium ducimus itaque.,2023-03-01
5d28e8db-41ce-4b2a-a302-752c2a2d41a2,Closed,Claim voided,2023-03-30 21:49:41.215127,2023-03-30 21:49:41.215127,13b0a780-62ab-47c8-a2e8-171c6613dc54,4d429597-49c7-44c0-a79b-5d3f81c0dece,SD,,2023-03-14
5e42a453-c24d-47cc-b5c2-a8d566f1ebbb,In Progress,Reimbursement,2023-03-30 21:49:41.273789,2023-03-30 21:49:41.273789,b6ed8a86-cd19-448f-91ea-a8ea0c3a685d,f4df36f9-434e-4d40-bbc7-219ef1fa2183,IT,,2023-03-16
5f4bad88-4686-4a32-abc8-b300a5a70b02,Closed,Claim denied,2023-03-30 21:49:41.3169,2023-03-30 21:49:41.3169,b93e0d67-1e42-4776-b780-ac85ddddd76f,52bc1ee9-43f1-48db-8dce-bdc4710c7b2b,MD,Ipsa repellat suscipit velit et hic et aliquid.,2023-03-01
5fb26eba-0f76-40e9-8d69-6d978cefbefa,Approved,Reimbursement,2023-03-30 21:49:41.399127,2023-03-30 21:49:41.399127,8d57b525-d4e9-486a-a79b-82a238dc7485,0e8ca81d-6727-43a0-8870-79109b27a99f,MD,Voluptates est eius est velit eos molestiae et eos suscipit.,2023-03-07
60574398-f7e5-420a-b4d6-ab37dc5f7948,In Progress,Reimbursement,2023-03-30 21:49:41.335239,2023-03-30 21:49:41.335239,13b0a780-62ab-47c8-a2e8-171c6613dc54,1f34ae80-205a-4696-8dd3-cff280469006,CD,Dolorum est et quam at eaque quas occaecati dolores dolor.,2023-03-02
64229040-ca84-42d0-84e7-8a2bdf2b90bf,Under Review,Repair,2023-03-30 21:49:41.220327,2023-03-30 21:49:41.220327,49947f66-8d3f-4379-b096-126cb88c3c62,85022a64-082e-435d-92bc-930fd6f4682b,SD,,2023-03-23
64b1c4c1-b2ca-4d80-aed7-8fb3fcb4960f,Approved,Claim denied,2023-03-30 21:49:41.336362,2023-03-30 21:49:41.336362,6625c8fb-7f50-4ec5-b0e9-5349a9588bfb,709c978a-17c3-4ec6-9509-acb822e99611,MD,Cupiditate et laboriosam debitis et adipisci et totam autem.,2023-03-22
66257d75-797f-48cd-83f8-b8e341290fcd,Approved,Reimbursement,2023-03-30 21:49:41.380604,2023-03-30 21:49:41.380604,83c98077-946f-455f-8e20-b080e1c71db5,e8e855a3-2bed-4b53-aadb-4aceb8781ed2,AC,,2023-03-30
6a0f1cd4-8774-4584-8afd-c2fa5c45b950,In Progress,Repair,2023-03-30 21:49:41.222603,2023-03-30 21:49:41.222603,cb54f98d-1ea3-4369-88fd-3c05259f956c,34bff5fb-6e01-4e82-9c90-eaae57684bf6,AC,Harum cumque non repudiandae iusto omnis.,2023-03-27
70fdfd2d-be31-45bb-a12d-2e7f9e33c24f,Approved,Replacement,2023-03-30 21:49:41.25348,2023-03-30 21:49:41.25348,f4694f44-21a2-4e6f-a54a-6b97d774ebbd,7b266ed4-222d-4167-9fcc-92c50f40736e,MD,,2023-03-09
72634a76-f0c6-41b9-9923-fef69908eb81,Under Review,Cleaning kit,2023-03-30 21:49:41.345694,2023-03-30 21:49:41.345694,7965ff27-bf13-4990-b762-f337b567873c,c88fde67-fd6f-4d44-b0bb-4f8121faecad,AC,,2023-03-28
729f3b15-b8f2-420e-8304-3dba2f89f009,Approved,Reimbursement,2023-03-30 21:49:41.355751,2023-03-30 21:49:41.355751,fd3d58c5-08e8-4f0f-97f8-024f87d173db,e8249465-42bc-473c-bfb0-7c6dc0d02d27,AC,Odit assumenda corrupti ut velit dolorem ut.,2023-03-29
788ab96e-f60f-4b2a-ba0e-9031e3b0be6c,Approved,Reimbursement,2023-03-30 21:49:41.43666,2023-03-30 21:49:41.43666,6226d07c-742b-46ed-a521-eb543029d2be,858b4cd7-bc04-4856-bce5-49c8530ab894,MD,,2023-03-20
796d5ade-932a-4434-a5b2-6d69511954a0,Under Review,Repair,2023-03-30 21:49:41.289157,2023-03-30 21:49:41.289157,b80c781e-caa2-4ab0-99ed-07db3fec6e6f,2e08e46b-a754-4853-b0d2-f350a800ab09,MD,,2023-03-05
7a507a25-b7bb-49a6-a38f-270e90ad45c6,In Progress,Claim voided,2023-03-30 21:49:41.394696,2023-03-30 21:49:41.394696,9de688cb-62ae-4f25-86cf-517e17a5232c,9861f184-da3b-465f-8c3d-fdc6d5907c92,IT,,2023-03-24
7ac34721-f3f8-444e-8984-ad6e450dc422,Approved,Claim voided,2023-03-30 21:49:41.391416,2023-03-30 21:49:41.391416,cbe4ef2b-183a-455f-8e2c-1a22bf126b76,2240ab6b-8215-4399-ac4e-9b494fb48627,IT,Culpa pariatur quod et repellat.,2023-03-21
7b0d6a78-85e8-4b56-b988-cb85f3a97c42,Approved,Claim denied,2023-03-30 21:49:41.24754,2023-03-30 21:49:41.24754,008f1d1d-9906-4430-bcee-7c3dad2a3599,dfc0cd16-632b-477c-8876-ddc78ddc5b4c,IT,,2023-03-07
7cb0ae6d-fb6b-4c27-83e4-d08d90f2fb48,Approved,Replacement,2023-03-30 21:49:41.296105,2023-03-30 21:49:41.296105,e2a7fd80-7eb8-4b8e-ab88-889850347629,a2f32cb1-0b7b-441a-8a87-6737898f33b8,IT,Qui porro vero totam.,2023-03-15
7cf9e894-51f3-43b9-b1da-2c273e82aa3e,In Progress,Reimbursement,2023-03-30 21:49:41.319595,2023-03-30 21:49:41.319595,6226d07c-742b-46ed-a521-eb543029d2be,0e60a795-e071-42cd-bffd-03d581b9b053,SF,,2023-03-17
7e71a3e3-acbd-4eeb-9fc3-27ad450b55ef,Approved,Reimbursement,2023-03-30 21:49:41.33415,2023-03-30 21:49:41.33415,a59baf98-7d72-4f3b-ab20-cb3a9b675eb7,9f26ef7f-1d52-408e-8bbe-c57f506773f4,IT,,2023-03-10
7f859c08-e20d-473a-b46c-98eb029ae4a7,In Progress,Cleaning kit,2023-03-30 21:49:41.297269,2023-03-30 21:49:41.297269,9eafcbaf-3584-487f-a642-3eded6490480,b0dd57b1-6120-44d8-9f24-7169fca25072,SD,Est rem necessitatibus qui id.,2023-03-15
803e6fff-99bf-43b7-a4cc-bbcd54c61310,Approved,Claim voided,2023-03-30 21:49:41.33982,2023-03-30 21:49:41.33982,49947f66-8d3f-4379-b096-126cb88c3c62,b6c212af-067b-4ab7-8bbd-c3137fbe1310,AC,,2023-03-30
8270fa00-6026-4ac8-a42e-2b42de3a5ff0,Under Review,Claim denied,2023-03-30 21:49:41.259169,2023-03-30 21:49:41.259169,4709daca-0901-4891-9660-f26797b77ff7,f686d74c-b57c-40ce-a182-b01cf040129d,IT,,2023-03-23
85c4ceca-8606-463a-adc9-5fd4a197b59a,Approved,No response,2023-03-30 21:49:41.292619,2023-03-30 21:49:41.292619,520818b3-8b8f-4b76-996d-acbfd273ecd2,7749695a-a1be-44eb-9626-cc1d9a215618,AC,Dolorem rerum voluptatem ab ad occaecati consequuntur.,2023-03-29
87c76122-f25e-4846-b652-20a762782d0e,Closed,No response,2023-03-30 21:49:41.37666,2023-03-30 21:49:41.37666,3f23ac51-0faa-412f-90e5-a09e9298ea9c,8a2f6578-816b-4e89-b0c5-c1145d63ce45,MD,,2023-03-23
89ebc2bb-8646-4b28-9fb2-01e3eb433026,Approved,No response,2023-03-30 21:49:41.423577,2023-03-30 21:49:41.423577,4a461dd8-2cd4-4683-b155-a8114ed8bc6e,55f97c4e-afbc-42e4-8e78-9f23ef3280e6,MD,Consequatur quasi vero repudiandae sint.,2023-03-15
8a038d8f-7df0-4d67-813c-cbc1379a75d6,In Progress,Reimbursement,2023-03-30 21:49:41.421412,2023-03-30 21:49:41.421412,ec285732-531b-4506-8cdb-434abcb6ca46,20ced8fa-9cdb-49ff-af26-c1b2c121e8a4,MD,Odit ipsum quas sit in architecto recusandae dolores.,2023-03-17
8b689460-32f3-458a-a72b-4ccdfa45f93c,Under Review,Reimbursement,2023-03-30 21:49:41.246429,2023-03-30 21:49:41.246429,233a9545-3fca-4941-bd8c-c9ea0f03722b,13776319-3042-4af6-9611-8db7d34d00cb,MD,Suscipit ut possimus aspernatur cum dicta voluptatibus eligendi.,2023-03-03
8c742098-0053-4a4f-ae33-0c7a42eed21b,Approved,Claim denied,2023-03-30 21:49:41.441101,2023-03-30 21:49:41.441101,66db1438-a2c3-4586-86b2-397f21b70500,12a1f38d-d9f7-44e8-a9fb-ea74b74bbe8f,SF,Pariatur alias voluptatem doloribus aut dolor.,2023-03-21
8ce22876-42f7-4516-93f7-240bf91c9a00,In Progress,Repair,2023-03-30 21:49:41.414939,2023-03-30 21:49:41.414939,9eafcbaf-3584-487f-a642-3eded6490480,fa151030-3b92-49a8-81f6-7e07bbc7755d,AC,Facilis rerum et sed dolore dicta numquam commodi.,2023-03-18
8d001a36-a358-4c39-ae8d-e1a035dab6e5,Approved,Cleaning kit,2023-03-30 21:49:41.278054,2023-03-30 21:49:41.278054,43d1e9cc-0fe7-4ee4-9d56-3ab1b0d19378,8a452d4b-66ae-4b1d-bd1f-e1a853200204,SF,Et facilis ut quaerat.,2023-03-06
8e8f2d00-2846-4a03-b87c-e2fbdfd02014,Under Review,Claim resolved,2023-03-30 21:49:41.255878,2023-03-30 21:49:41.255878,9ea6c149-705c-47b1-a65e-3dc420ddbd2f,1b772918-1105-407e-8f6c-5ef75577519d,SF,,2023-03-03
8fa51d20-56b1-4d5f-9345-cc756d9491c3,In Progress,Repair,2023-03-30 21:49:41.406734,2023-03-30 21:49:41.406734,b80c781e-caa2-4ab0-99ed-07db3fec6e6f,9d2e4889-104a-452a-98f3-e8922f062e09,MD,,2023-03-01
905b643d-1199-41c3-8a67-6bee741094c5,Under Review,Repair,2023-03-30 21:49:41.264923,2023-03-30 21:49:41.264923,c387e5de-7859-40f0-90fe-cf5ee8be78de,82a2d346-566d-479c-93ab-1908414ab9cf,AC,Possimus temporibus vero eaque dolores numquam atque reiciendis id et.,2023-03-02
94a6d8bb-8f4c-47c8-95f0-49a4b3347445,Closed,No response,2023-03-30 21:49:41.401638,2023-03-30 21:49:41.401638,8d2045e2-028c-40c7-b59a-4dd702f197a6,3d756e48-344f-4b0f-b61c-e9ae5fb58e39,SF,Quia illum facere sit adipisci et delectus dignissimos cum.,2023-03-22
94aee481-69d8-4b31-9a89-31cadbd1f08b,In Progress,Claim denied,2023-03-30 21:49:41.364676,2023-03-30 21:49:41.364676,03f317a7-3559-4848-aabd-e83a27039eef,315c0e25-e671-4760-b183-13d67ec3e743,CD,Nulla eius asperiores voluptas voluptas aut.,2023-03-03
957a8d0c-f3a1-4ddb-ad5a-888d012fc68e,Closed,Claim resolved,2023-03-30 21:49:41.393595,2023-03-30 21:49:41.393595,8cbdda24-8e2d-4430-88dc-7fafede0351c,29f0d9fa-4b58-4bac-a1f2-4bb9a20b015c,AC,Minus sit corrupti ipsa.,2023-03-15
9893cc4c-7049-4828-8bf4-d1c8bf1ce784,Under Review,Reimbursement,2023-03-30 21:49:41.275022,2023-03-30 21:49:41.275022,8cbdda24-8e2d-4430-88dc-7fafede0351c,29f0d9fa-4b58-4bac-a1f2-4bb9a20b015c,IT,Eaque vitae sit qui.,2023-03-30
991c4c2f-878c-4659-ae78-dea5fa9db87e,Approved,Claim voided,2023-03-30 21:49:41.402805,2023-03-30 21:49:41.402805,06dc3904-75c2-4c9e-9938-aed01cb9b6a6,ab09046a-4f52-4a61-a5ac-86192fefd668,AC,Accusantium consequatur tempora ut ipsum ut ratione.,2023-03-29
994d311e-90e8-4fba-9977-397556011a19,In Progress,Replacement,2023-03-30 21:49:41.276799,2023-03-30 21:49:41.276799,9de688cb-62ae-4f25-86cf-517e17a5232c,e05d2f75-dbe4-491f-ae83-8fa00d0271f9,AC,Et consequatur repellendus molestiae impedit provident earum exercitationem eius dignissimos.,2023-03-23
99735f60-9534-4222-b31e-e25ddacc9e1d,Closed,Cleaning kit,2023-03-30 21:49:41.422472,2023-03-30 21:49:41.422472,d4edca7a-c426-42c0-9be4-2a1734dd07e7,e9f2f4a1-e00b-4ca2-87c6-2b3ace1c68c3,MD,Accusamus qui laborum impedit explicabo exercitationem omnis fugit ipsum et.,2023-03-28
9a9fd20f-f747-4c2a-bbe1-8017979517f2,Under Review,Claim resolved,2023-03-30 21:49:41.407808,2023-03-30 21:49:41.407808,87e33c89-b3a5-42e2-864f-c13df1e256d2,8f61e653-81b3-4a3d-bd5e-d88af352bbae,AC,Nemo facere libero unde atque soluta qui qui quod.,2023-03-08
9afb219e-ca58-433f-a3af-bba6aabfd2ec,Under Review,Cleaning kit,2023-03-30 21:49:41.251086,2023-03-30 21:49:41.251086,3a9a5d30-5367-4d26-8010-50102ee3fd66,636fcfb1-0bef-46e0-8eab-d3bc8da8e49c,AC,,2023-03-06
9bf180f7-5c02-4029-bbdd-d2ed2c8de105,Closed,Claim denied,2023-03-30 21:49:41.230623,2023-03-30 21:49:41.230623,39960e0e-cd5f-4a90-a1aa-3323853981a7,d63bf22e-28de-4ef8-b385-26f2df6c52c6,SF,Deleniti repudiandae veritatis.,2023-03-30
9d144847-d42f-4c04-9955-69d1ed58583f,Approved,Claim voided,2023-03-30 21:49:41.311986,2023-03-30 21:49:41.311986,20a46fc9-7a04-4fcb-bab8-ec3a52067323,6d666b03-954c-44f8-864d-2327a1a865d6,IT,Iste magnam beatae itaque ab necessitatibus voluptatem voluptas et ut.,2023-03-23
9d25308d-9aa3-446a-9bae-640bc50264fc,Approved,Reimbursement,2023-03-30 21:49:41.366965,2023-03-30 21:49:41.366965,008f1d1d-9906-4430-bcee-7c3dad2a3599,410f9edd-573a-45d8-8436-2d9c8c182924,SF,,2023-03-14
9d4b663a-33f9-4585-b57f-920c9907edb4,Draft,Repair,2023-03-30 21:49:41.435497,2023-03-30 21:49:41.435497,df4eacd0-4dc3-4740-b689-14f9e3147e87,9a53733f-c9a5-4304-8f74-237ecba3a62e,CD,Laborum sunt consequuntur.,2023-03-16
9fb724d8-7125-441a-9223-fe839debe51c,In Progress,Cleaning kit,2023-03-30 21:49:41.372828,2023-03-30 21:49:41.372828,f4694f44-21a2-4e6f-a54a-6b97d774ebbd,7b266ed4-222d-4167-9fcc-92c50f40736e,AC,Nemo optio possimus consequatur impedit delectus.,2023-03-12
a37eb543-7826-41b8-8ad2-40cbbc8143b4,In Progress,Replacement,2023-03-30 21:49:41.426043,2023-03-30 21:49:41.426043,5940a902-b239-4b4d-94c7-44564c652924,519690b2-b893-4917-a07e-8eb0c4b543f7,SD,,2023-03-10
a3fe9d9a-cee8-4791-8278-54fab5378e62,Draft,Replacement,2023-03-30 21:49:41.243049,2023-03-30 21:49:41.243049,0e0f0f46-2509-41c6-b3b2-f8bbdcc2e744,81f1985e-08d7-43ce-bb94-0a9bfca79cb1,IT,Perspiciatis minus et qui fugit.,2023-03-20
a7091755-c38f-456f-b9ea-7668b218f706,Closed,Reimbursement,2023-03-30 21:49:41.217693,2023-03-30 21:49:41.217693,3320b05c-29d4-49e3-8107-080a951c7f4f,ae6020b3-b2f4-47a9-837c-bfc7635953b9,MD,,2023-03-18
a87f6efe-a07b-430b-b2d2-5bcc84d70ceb,In Progress,Claim voided,2023-03-30 21:49:41.405511,2023-03-30 21:49:41.405511,70f1e7cf-45fc-4595-92f7-deadcf18a009,ae9de145-00fb-41c1-85b9-684ea15f8ff8,SF,,2023-03-16
a8b17dc8-474b-431f-a91e-94795f519f59,Approved,Claim resolved,2023-03-30 21:49:41.424732,2023-03-30 21:49:41.424732,c42a298e-8811-42b4-afe4-058ed9edb332,8d0862a3-4c3f-4f80-95dc-a42bca4a3fb6,CD,Repellat a aut cumque.,2023-03-07
a8b61c3a-5dd7-41d9-9f68-a3dca9804c7c,Under Review,Claim denied,2023-03-30 21:49:41.359054,2023-03-30 21:49:41.359054,a13983c5-186b-4655-a0a0-a7f1ce7bf23c,66e4dec6-92b9-4d11-a15c-1d69ffc26702,SF,Aperiam voluptatibus et neque corporis aut et necessitatibus.,2023-03-23
a941a89b-8c1c-4346-9375-e58b7c3d3911,In Progress,No response,2023-03-30 21:49:41.284077,2023-03-30 21:49:41.284077,8d2045e2-028c-40c7-b59a-4dd702f197a6,defed532-18e2-4c11-b29b-8b874cc01741,SD,Nisi magni magnam consequatur fuga.,2023-03-18
ab09efc1-4b2c-418a-94ef-03dab36827b4,In Progress,Claim denied,2023-03-30 21:49:41.346753,2023-03-30 21:49:41.346753,959e6ce0-bb81-4630-9375-cee923bf1fd2,03ecfae5-2e6c-4dc8-87c3-14f64b887347,SF,Ut sunt sunt doloribus ipsam soluta sequi debitis nesciunt.,2023-03-27
ab149d12-c5e9-465b-9e94-6293a0755c9e,Under Review,No response,2023-03-30 21:49:41.381766,2023-03-30 21:49:41.381766,8b18f3ac-1598-4fce-8dbf-a6cfba1cb874,028e6d06-4acb-43e6-8068-542e49102adc,SF,,2023-03-27
ab99545b-1b98-4b06-a83d-cb8163251bbe,In Progress,Reimbursement,2023-03-30 21:49:41.43313,2023-03-30 21:49:41.43313,e0e065bf-fcfb-4575-a514-09104761d69c,751369d0-d41e-48a7-8d25-7f2c6d5e6a10,CD,Corporis iure soluta.,2023-03-21
ae1edb3c-f5e5-43ee-865b-cb49dd210ffd,Closed,Claim denied,2023-03-30 21:49:41.43889,2023-03-30 21:49:41.43889,bc6bfe45-cb1f-42f5-b66d-43ed35bfd595,d4fa71b8-fd97-4a50-a4ea-a122010e346e,SD,,2023-03-10
b048b57f-a992-4d5e-9477-74f93cb7e81f,Closed,Cleaning kit,2023-03-30 21:49:41.330833,2023-03-30 21:49:41.330833,af117b7a-5b5a-4636-b143-16b7e80e99ad,1261ce76-21df-42aa-96d6-6ca4684d2cdd,AC,Eum magnam porro rerum maxime.,2023-03-28
b1a6b856-b3dc-40e9-98ed-c435e7b6d7a0,Closed,Claim resolved,2023-03-30 21:49:41.416094,2023-03-30 21:49:41.416094,9c99a170-84c5-4b1e-892d-263913024a5a,52e6bf95-ffd3-46f3-a03a-9840f165c0cd,IT,Voluptatum at est unde atque voluptas incidunt fugiat aspernatur.,2023-03-12
b2977e52-d75a-46ab-9d69-d4ab42b8e97e,Closed,Claim resolved,2023-03-30 21:49:41.338607,2023-03-30 21:49:41.338607,9efbaed7-29f4-4844-9f76-ddf57041f111,3c67911a-b7e8-4443-a923-09fd8a537215,AC,Non vitae dolorem quo quam distinctio recusandae.,2023-03-04
b44fdad1-3df1-48ec-8554-963d0e24de6a,Under Review,Repair,2023-03-30 21:49:41.400261,2023-03-30 21:49:41.400261,115ad7e2-e987-44f3-95ca-f23e5b05c8b5,dbe0890d-3a4c-4bbb-b0db-0342abd230bd,SF,,2023-03-05
b4ae5b64-6c77-49ba-8000-6301e55e48ae,In Progress,No response,2023-03-30 21:49:41.30189,2023-03-30 21:49:41.30189,0fec7aad-7c06-4afc-8e35-5f2ce4c26520,f8692436-2511-43df-a663-597272352bef,SF,,2023-03-06
b6ac5d12-d5f8-41cc-a50f-40284ac7c2eb,Closed,Replacement,2023-03-30 21:49:41.212164,2023-03-30 21:49:41.212164,e47c9bb2-1363-4aee-ad1b-41c6ebb9ba4a,8ae35289-73da-46e6-a3e2-7485749c00d4,MD,,2023-03-02
b6aebf2e-9351-4cc0-acf7-8271f98267f4,Closed,Repair,2023-03-30 21:49:41.237172,2023-03-30 21:49:41.237172,a7608aca-7a16-4e1d-916d-a4e795ed874f,cd445754-bd09-4e4d-8524-814d805de7be,CD,Eum sint autem et eum sed voluptas adipisci.,2023-03-02
b72f5596-1f14-4867-9bd2-fb7a15cc50df,Draft,Cleaning kit,2023-03-30 21:49:41.354706,2023-03-30 21:49:41.354706,4bfc7eea-badc-4475-a546-941e08f2629e,2c5c4c0e-8e46-4d93-9790-1828e452fbd3,AC,Tempora cum non veniam.,2023-03-09
b87b967c-730c-43a2-9d1e-badea4027abc,Under Review,Claim resolved,2023-03-30 21:49:41.412429,2023-03-30 21:49:41.412429,ff6b9889-fbf2-40e6-b856-17948623cd75,9244966f-9224-41e3-bba2-7a548dde337d,CD,,2023-03-26
b88ece86-96e0-473e-a840-f054d0c43c9f,Approved,No response,2023-03-30 21:49:41.223743,2023-03-30 21:49:41.223743,f6750b9e-bbba-487c-a209-d12144836daa,ea9b004b-d6ba-4c22-917d-a0bf5fd6a4de,SF,,2023-03-05
b8d1dccb-649d-4f90-9729-51607384754b,Approved,No response,2023-03-30 21:49:41.398031,2023-03-30 21:49:41.398031,3ba8114b-be39-4809-a3b9-a47bf49bc366,fc21f8ca-8c72-4380-9315-f32f7a0c7e69,SD,,2023-03-08
b9f79c90-5216-4946-8f11-b19aa6901f1a,Draft,Repair,2023-03-30 21:49:41.26364,2023-03-30 21:49:41.26364,0cac7fa4-36e9-4f07-af30-c5a1cc133d25,621efcee-8fc4-4ed8-a690-e26b1cebfdf2,AC,Itaque aperiam quia animi minima.,2023-03-14
ba76a1f8-4d9b-48f6-ac43-8a839a413ea4,In Progress,Claim voided,2023-03-30 21:49:41.208144,2023-03-30 21:49:41.208144,5656c6c7-b35a-41f8-8f4c-f876cd713e15,325a35d4-364d-4c90-8f7d-61d3c82dcdb2,AC,Quo omnis laboriosam provident aut laudantium magnam veniam ducimus.,2023-03-30
ba88cbda-2963-4729-8144-ff054e62ef52,Closed,Claim denied,2023-03-30 21:49:41.310858,2023-03-30 21:49:41.310858,57ecde4c-c25e-4264-9e8f-5ea0e133948d,eaad7381-d064-4815-855c-270c90947c45,CD,,2023-03-19
bb81cd72-0797-43e6-a895-cbcc16612f92,Under Review,Repair,2023-03-30 21:49:41.32475,2023-03-30 21:49:41.32475,66db1438-a2c3-4586-86b2-397f21b70500,12a1f38d-d9f7-44e8-a9fb-ea74b74bbe8f,AC,Omnis eius et odio eius sequi.,2023-03-12
bc8606e7-1c0e-4a97-9f0c-3d66a2b4091c,Draft,No response,2023-03-30 21:49:41.219071,2023-03-30 21:49:41.219071,9efbaed7-29f4-4844-9f76-ddf57041f111,3c67911a-b7e8-4443-a923-09fd8a537215,SF,Eveniet vero nemo qui.,2023-03-07
bdfff7ec-67e2-4d5d-86dd-926c9e4cc8b2,Approved,Claim resolved,2023-03-30 21:49:41.356835,2023-03-30 21:49:41.356835,a7608aca-7a16-4e1d-916d-a4e795ed874f,87fadd0d-0cde-4ab3-ad32-892650de633f,SF,,2023-03-12
c073d102-b796-4e94-afb5-95c8761b8ecf,Closed,Claim voided,2023-03-30 21:49:41.261306,2023-03-30 21:49:41.261306,8b18f3ac-1598-4fce-8dbf-a6cfba1cb874,b964aec0-4f26-439d-acec-42df26052e94,SD,Excepturi qui eaque harum perspiciatis.,2023-03-12
c1feda27-abb3-4d86-9d49-5bd32bc476f9,Approved,Cleaning kit,2023-03-30 21:49:41.322322,2023-03-30 21:49:41.322322,bc6bfe45-cb1f-42f5-b66d-43ed35bfd595,c36d54b8-16cf-49dc-98fb-33489fbe8098,SF,,2023-03-27
c234b101-39bd-4f4b-ac07-6ef2c1dfcce1,Closed,Repair,2023-03-30 21:49:41.306217,2023-03-30 21:49:41.306217,4a461dd8-2cd4-4683-b155-a8114ed8bc6e,795c0e43-37be-443e-9916-aef06b8f8f78,AC,Quia expedita dolorum nesciunt eveniet et aliquam hic perferendis sint.,2023-03-28
c2ad8701-28d1-497d-940e-157d92832eb7,Draft,Replacement,2023-03-30 21:49:41.375329,2023-03-30 21:49:41.375329,9ea6c149-705c-47b1-a65e-3dc420ddbd2f,b9bb0633-e273-4ff8-9201-dfdd65c138ab,MD,Dolorum vero est ea dolore provident consequatur et porro.,2023-03-03
c47ba6ac-e2f6-49c7-bf4d-5e44553a0c7d,Under Review,Claim resolved,2023-03-30 21:49:41.272498,2023-03-30 21:49:41.272498,cbe4ef2b-183a-455f-8e2c-1a22bf126b76,8f423ba9-a068-4ead-9118-cca7fc77fc5b,AC,Et sunt maxime recusandae nobis quasi sit pariatur cupiditate voluptas.,2023-03-08
c530a593-af01-4e85-ad91-3eecbd0d9d56,Closed,No response,2023-03-30 21:49:41.320887,2023-03-30 21:49:41.320887,a11cac0d-dd5f-4553-881d-9a7ad908d4b5,2a382be3-3cda-4eb4-87fc-ab2c6f614666,CD,Aliquid voluptatem temporibus.,2023-03-17
c5347ba6-4c13-4a3e-901c-7cdac527d9b7,Approved,Cleaning kit,2023-03-30 21:49:41.396942,2023-03-30 21:49:41.396942,05dc77d0-9834-449f-9c93-bc4366506132,b44672b0-8d32-4930-ac52-cb63b19d6661,MD,Id libero et et veniam optio id sint saepe.,2023-03-14
c865c8b7-dc93-494e-93e7-799700333107,Approved,Repair,2023-03-30 21:49:41.221445,2023-03-30 21:49:41.221445,7dc67635-4355-40de-9a65-1d18f6ac5065,9ab9e365-f602-49ac-9320-b36ca4997a0e,AC,Non dolor veritatis consequatur ipsa assumenda labore cumque.,2023-03-14
cbb048b8-96c0-4a58-976e-8a8acd90e5b4,Under Review,Reimbursement,2023-03-30 21:49:41.3421,2023-03-30 21:49:41.3421,cb54f98d-1ea3-4369-88fd-3c05259f956c,068d8f3f-6cd7-4e23-83ec-18dc3593faf4,SF,,2023-03-10
cc2d2f06-9fbf-4885-964f-e6eb6d9f5964,Draft,Repair,2023-03-30 21:49:41.213464,2023-03-30 21:49:41.213464,a59baf98-7d72-4f3b-ab20-cb3a9b675eb7,9f26ef7f-1d52-408e-8bbe-c57f506773f4,CD,Dolorem laudantium aspernatur in cupiditate ullam possimus ipsam et consequatur.,2023-03-16
cd707fc4-aaae-4987-94eb-21a71b75c568,Closed,Repair,2023-03-30 21:49:41.386929,2023-03-30 21:49:41.386929,5777c5d5-5e9b-4ee7-8c52-59dea331ce6e,9c7f10a1-1026-4f6c-a14d-1a60ae0d572c,SD,,2023-03-22
ceee13fc-4543-4346-a420-a2c7c637b7c3,Draft,Reimbursement,2023-03-30 21:49:41.285314,2023-03-30 21:49:41.285314,06dc3904-75c2-4c9e-9938-aed01cb9b6a6,80525d55-1834-49a7-95f1-517d3bef52d7,CD,Dolores vel velit sint cumque id.,2023-03-24
cf2b9239-ceb2-44aa-913a-2a86a43e685a,In Progress,Claim resolved,2023-03-30 21:49:41.29842,2023-03-30 21:49:41.29842,9c99a170-84c5-4b1e-892d-263913024a5a,7aa59064-4721-4a27-9e0a-cd8b5254ab8e,SF,Sit explicabo quibusdam eligendi labore.,2023-03-12
cffdc602-4e0c-4bf2-88a5-0724048e4401,In Progress,Repair,2023-03-30 21:49:41.390233,2023-03-30 21:49:41.390233,4ddc1fca-fcbf-4b97-b947-d5bffe13e122,56691575-a225-47ad-b83f-2c469d29f6fd,CD,Sit provident aspernatur iste hic at consequuntur vero vel optio.,2023-03-12
d0de6139-3173-4432-af0d-e17bfdc73015,Under Review,Claim voided,2023-03-30 21:49:41.350292,2023-03-30 21:49:41.350292,39960e0e-cd5f-4a90-a1aa-3323853981a7,f12e47ef-14b9-4c2b-a654-30c8d534a793,SF,Consectetur voluptatem velit est est odio sit et sunt sed.,2023-03-12
d1468052-7235-4949-9430-351ca9f82bbf,Closed,Claim resolved,2023-03-30 21:49:41.241942,2023-03-30 21:49:41.241942,1a6c2a0a-f452-41c1-bbff-7556936f1854,4bd6dee6-ded7-4abf-86b0-7950597ca119,CD,Alias illo dolorum architecto et sunt rerum id dignissimos necessitatibus.,2023-03-26
d1dcdc48-5406-4465-8faf-200c445e089a,Under Review,Claim denied,2023-03-30 21:49:41.349176,2023-03-30 21:49:41.349176,1dca933e-a4b3-49ad-900e-36ad1f86dfe0,fb99b4b2-1749-46e3-a208-81001cc06c54,SD,,2023-03-28
d20e68f6-4ab9-468f-b561-85eae45efb5d,Under Review,Repair,2023-03-30 21:49:41.318306,2023-03-30 21:49:41.318306,df4eacd0-4dc3-4740-b689-14f9e3147e87,9a53733f-c9a5-4304-8f74-237ecba3a62e,SD,,2023-03-29
d627b1d6-f34d-4583-8370-90458460173d,Closed,Replacement,2023-03-30 21:49:41.309656,2023-03-30 21:49:41.309656,a7eec47c-aebc-4bc6-82dd-d492eacd2c36,877db730-73fb-4e01-bc95-79cdcb8a17fc,IT,Sunt nihil doloremque quos eum velit consequatur et.,2023-03-14
d7fd8cd2-5f25-4e99-8cf1-eb39e86ceb6b,Approved,Cleaning kit,2023-03-30 21:49:41.256969,2023-03-30 21:49:41.256969,3f23ac51-0faa-412f-90e5-a09e9298ea9c,df6f0ac2-3224-4dee-b9fc-c581a9a77e7b,SD,,2023-03-01
da7becaf-b39f-4468-b0b3-07a1d563dfa5,In Progress,Claim voided,2023-03-30 21:49:41.333031,2023-03-30 21:49:41.333031,e47c9bb2-1363-4aee-ad1b-41c6ebb9ba4a,aacf5cbe-fef3-4680-8e32-297257142d44,SD,Autem ducimus quis debitis culpa fuga sed maiores dolores sit.,2023-03-09
dbc71804-fc47-48bb-b7fb-e61cedd6b873,Under Review,No response,2023-03-30 21:49:41.337453,2023-03-30 21:49:41.337453,3320b05c-29d4-49e3-8107-080a951c7f4f,ceb36be0-6233-482a-b7e4-98ab00d7e2ce,CD,Qui rerum aut voluptatem quia unde voluptas.,2023-03-17
dbd93b7a-e1f8-4834-9233-cb06856b810d,Closed,Claim resolved,2023-03-30 21:49:41.287902,2023-03-30 21:49:41.287902,70f1e7cf-45fc-4595-92f7-deadcf18a009,5ba58d7c-34b7-44ef-8393-ad982ae4fb21,SD,Itaque illum hic consequatur sed nulla.,2023-03-28
dda503cd-41e2-429d-b759-84f14b230e14,Approved,Reimbursement,2023-03-30 21:49:41.302968,2023-03-30 21:49:41.302968,83cf0390-4ee3-48a9-94e7-32c93df14ab5,c47d5296-5af1-45f5-8b8a-8cc4e2f9b103,IT,,2023-03-30
ddbbaf34-5c9a-41e7-9324-4fb417d55ed8,Under Review,Claim voided,2023-03-30 21:49:41.362467,2023-03-30 21:49:41.362467,0e0f0f46-2509-41c6-b3b2-f8bbdcc2e744,6d9445f0-6f7d-459c-bdb5-9b9fa33fb84f,CD,Fuga dolorum autem id omnis.,2023-03-17
e0077cf1-9030-41d7-b475-b410a0894636,Draft,Reimbursement,2023-03-30 21:49:41.365782,2023-03-30 21:49:41.365782,233a9545-3fca-4941-bd8c-c9ea0f03722b,c499973b-6874-4096-8bd6-1a9e55d4b0d7,IT,Quibusdam et aut.,2023-03-12
e08bc8a7-aafa-42f5-bfac-155573868749,Approved,Reimbursement,2023-03-30 21:49:41.216353,2023-03-30 21:49:41.216353,6625c8fb-7f50-4ec5-b0e9-5349a9588bfb,709c978a-17c3-4ec6-9509-acb822e99611,CD,Voluptas nisi quod aliquam eum sit hic tempore fugit.,2023-03-30
e3100525-43ea-4b92-9527-1a4231087307,In Progress,Repair,2023-03-30 21:49:41.413784,2023-03-30 21:49:41.413784,e2a7fd80-7eb8-4b8e-ab88-889850347629,e8f36a59-399c-40ce-9804-2709d48495a8,CD,Nesciunt qui quo et.,2023-03-16
e34fdb4a-9df8-4b13-b780-0850cfb28324,Draft,Repair,2023-03-30 21:49:41.440002,2023-03-30 21:49:41.440002,cc79b3c9-4c4b-452b-823b-774d22dbe70f,cf5bcd49-8874-450a-9a23-4b8fe0e22482,MD,Culpa labore nihil aut non repellendus.,2023-03-25
e36ccaa5-fede-4d2e-b297-20fa445d6fcf,Closed,Repair,2023-03-30 21:49:41.293734,2023-03-30 21:49:41.293734,8d00605d-57fb-48c9-8c6e-1aecfcce61c5,7916f8f7-e375-4f02-bc68-460f8f9bf6b1,SD,Harum est temporibus.,2023-03-14
e6c02510-0087-4c2d-9400-d870f8301f7d,Closed,Reimbursement,2023-03-30 21:49:41.23831,2023-03-30 21:49:41.23831,8937db91-e873-47f2-a6ff-73ec97c6d471,51a7e00f-03fe-4888-b755-3c6323ba0261,SD,Ea molestiae dolorem molestias est temporibus.,2023-03-30
e7063fe7-0651-4cc5-9d43-9e205984b6a8,Closed,Reimbursement,2023-03-30 21:49:41.281741,2023-03-30 21:49:41.281741,8d57b525-d4e9-486a-a79b-82a238dc7485,0e8ca81d-6727-43a0-8870-79109b27a99f,AC,,2023-03-10
ebc51a12-0344-47c2-8124-3f82af68a43e,Closed,Repair,2023-03-30 21:49:41.228427,2023-03-30 21:49:41.228427,6a133281-553e-41ba-994d-61744d5bd384,407281bf-57d5-4990-88b1-8560732e9a89,CD,Illo aut aspernatur.,2023-03-15
ecfaa13f-d0b6-4692-bc9e-216e3fca26c5,Draft,No response,2023-03-30 21:49:41.378125,2023-03-30 21:49:41.378125,154d727e-cdf2-494e-80dc-1312fa0b95d5,c14923e5-f6b8-4cf3-a580-c298748a8317,MD,Quisquam neque esse impedit velit.,2023-03-30
ef8255d7-d8d5-4181-8e0d-5d81b2a137db,Approved,Replacement,2023-03-30 21:49:41.269519,2023-03-30 21:49:41.269519,be01d128-6f57-488e-bd69-eedf4fa014db,41315b6f-ebe5-41ce-b1c3-58fa869133fe,IT,,2023-03-06
f07aa52b-9a61-4a88-a478-f3679f2ec1f3,Under Review,Claim denied,2023-03-30 21:49:41.331946,2023-03-30 21:49:41.331946,807ebdb7-041d-413c-8eaf-ee9d224ed62f,a94e46f4-1d3e-499e-b5ed-dbe9898ac8de,CD,,2023-03-05
f1fd6ca2-3182-4f6f-91d8-5a4bcc5e62a8,Closed,Claim denied,2023-03-30 21:49:41.280539,2023-03-30 21:49:41.280539,3ba8114b-be39-4809-a3b9-a47bf49bc366,ce78256a-cbfa-428e-bfbd-27c7582c9d34,CD,Iste doloribus et similique temporibus facilis dicta.,2023-03-21
f29a130d-79ab-4673-ad73-29856bff6e07,Under Review,Replacement,2023-03-30 21:49:41.351435,2023-03-30 21:49:41.351435,7eba7acb-9b5f-457d-a564-8f77c24190c9,2cb6a120-8c9d-47b4-b9b2-7327c6780d11,IT,,2023-03-04
f2afcd18-602b-4ca0-a55b-2759bf961ef3,Draft,Claim resolved,2023-03-30 21:49:41.270989,2023-03-30 21:49:41.270989,4ddc1fca-fcbf-4b97-b947-d5bffe13e122,14637932-d71b-4158-8e62-a60c38c87cd7,AC,Nemo et nihil laudantium.,2023-03-25
f3873af5-507e-4e98-8dce-780d21a06935,In Progress,Cleaning kit,2023-03-30 21:49:41.368124,2023-03-30 21:49:41.368124,5a54bbec-e954-4bc2-a95c-54b98e3bef92,18970033-cca8-4f83-8744-98f51bf09bf3,MD,,2023-03-08
f40a059e-0345-408f-8cc6-fd1f128a1cf5,Approved,Claim resolved,2023-03-30 21:49:41.387999,2023-03-30 21:49:41.387999,ba923654-cf67-4d89-8ec0-db6ddd42edca,c33d8a8b-4d4b-45a8-a6c2-a8a33ec63568,CD,Ea quia dignissimos recusandae assumenda tempore explicabo.,2023-03-11
f42a15d8-a692-4404-afa6-944da5d61da0,In Progress,Claim resolved,2023-03-30 21:49:41.308455,2023-03-30 21:49:41.308455,5940a902-b239-4b4d-94c7-44564c652924,519690b2-b893-4917-a07e-8eb0c4b543f7,CD,Eaque consectetur ut id expedita labore debitis et dolores.,2023-03-23
fa7f9d2b-b28e-4d7f-86e3-83d246704d68,Closed,No response,2023-03-30 21:49:41.304055,2023-03-30 21:49:41.304055,ec285732-531b-4506-8cdb-434abcb6ca46,20ced8fa-9cdb-49ff-af26-c1b2c121e8a4,MD,,2023-03-12
fcb8952e-bd6c-4fab-866f-c7e53b7c75dd,In Progress,Cleaning kit,2023-03-30 21:49:41.279327,2023-03-30 21:49:41.279327,05dc77d0-9834-449f-9c93-bc4366506132,51be3b34-5c35-4722-8094-70565ed4051b,CD,Sint id sed tempore.,2023-03-26
fcca5d70-bf58-4095-8241-a7f21c712cff,Closed,Claim voided,2023-03-30 21:49:41.434276,2023-03-30 21:49:41.434276,b93e0d67-1e42-4776-b780-ac85ddddd76f,f9618b57-d52f-46e1-af95-9c9c9510a8b6,SD,Molestiae nulla perspiciatis error et quo consequatur voluptas sit officiis.,2023-03-26
fd5b57e6-a567-4735-a30b-e17c84ad647b,Under Review,Replacement,2023-03-30 21:49:41.371506,2023-03-30 21:49:41.371506,40073800-3aca-4c8a-a91e-4c54ae70feae,491d9c76-5fc7-4af6-9782-5522745a3ca4,SF,Sit voluptates est qui.,2023-03-11
fe58e038-c4ef-495d-bb9f-21e3a3715e63,Closed,Claim resolved,2023-03-30 21:49:41.252227,2023-03-30 21:49:41.252227,40073800-3aca-4c8a-a91e-4c54ae70feae,55fddf5e-d392-4b1b-8d46-fa71fe660d96,IT,Consectetur magni consequatur aut sunt aut dolor neque consectetur fugiat.,2023-03-26