id,firstName,lastName,createdAt,updatedAt
008f1d1d-9906-4430-bcee-7c3dad2a3599,Janie,Wisoky,2023-03-30 21:49:39.503555,2023-03-31 15:38:28.149921
03f317a7-3559-4848-aabd-e83a27039eef,Isaac,Streich,2023-03-30 21:49:39.501486,2023-03-31 15:38:28.147785
05dc77d0-9834-449f-9c93-bc4366506132,Randy,Hyatt,2023-03-30 21:49:39.529922,2023-03-30 21:49:39.529922
06dc3904-75c2-4c9e-9938-aed01cb9b6a6,Brittany,Schamberger,2023-03-30 21:49:39.534898,2023-03-30 21:49:39.534898
0cac7fa4-36e9-4f07-af30-c5a1cc133d25,Major,Hodkiewicz,2023-03-30 21:49:39.51884,2023-03-30 21:49:39.51884
0e0f0f46-2509-41c6-b3b2-f8bbdcc2e744,Lizzie,Ziemann,2023-03-30 21:49:39.499245,2023-03-31 15:38:28.144953
0fec7aad-7c06-4afc-8e35-5f2ce4c26520,Ernest,Schinner,2023-03-30 21:49:39.549961,2023-03-30 21:49:39.549961
10d1ee36-1c1b-416e-b105-1cc01138aaf8,Loren,Cruickshank,2023-03-30 21:49:39.535904,2023-03-30 21:49:39.535904
115ad7e2-e987-44f3-95ca-f23e5b05c8b5,Lupe,Kshlerin,2023-03-30 21:49:39.532945,2023-03-30 21:49:39.532945
12673ece-c60f-48cb-858f-83be752e465b,Don,McGlynn,2023-03-30 21:49:39.505712,2023-03-31 15:38:28.152077
13b0a780-62ab-47c8-a2e8-171c6613dc54,Annabelle,Corkery,2023-03-30 21:49:39.473536,2023-03-31 15:38:28.106356
154d727e-cdf2-494e-80dc-1312fa0b95d5,Leonel,Schaefer,2023-03-30 21:49:39.513883,2023-03-30 21:49:39.513883
15db70dd-699c-49ba-abb2-409bf8e82dc9,Travis,Fritsch,2023-03-30 21:49:39.5727,2023-03-30 21:49:39.5727
19c03c18-5986-46c2-8ac4-1896a77b6e45,Julien,Bauch,2023-03-30 21:49:39.490698,2023-03-31 15:38:28.133424
1a6c2a0a-f452-41c1-bbff-7556936f1854,Harold,Will,2023-03-30 21:49:39.498228,2023-03-31 15:38:28.143391
1d3758b7-b906-4aa8-9c91-ffcf3526d528,Adolf,Moen,2023-03-30 21:49:39.547807,2023-03-30 21:49:39.547807
1dca933e-a4b3-49ad-900e-36ad1f86dfe0,Abigail,Wiza,2023-03-30 21:49:39.486487,2023-03-31 15:38:28.127733
20a46fc9-7a04-4fcb-bab8-ec3a52067323,Myra,Tremblay,2023-03-30 21:49:39.559579,2023-03-30 21:49:39.559579
233a9545-3fca-4941-bd8c-c9ea0f03722b,Kameron,Nienow,2023-03-30 21:49:39.502533,2023-03-31 15:38:28.148773
2f70be4d-9c7c-4a0c-85aa-89bfed6a5a7b,Whitney,Corwin,2023-03-30 21:49:39.482085,2023-03-31 15:38:28.121916
3320b05c-29d4-49e3-8107-080a951c7f4f,Arturo,Stamm,2023-03-30 21:49:39.475784,2023-03-31 15:38:28.110046
39960e0e-cd5f-4a90-a1aa-3323853981a7,Samanta,Roob,2023-03-30 21:49:39.487604,2023-03-31 15:38:28.129207
3a9a5d30-5367-4d26-8010-50102ee3fd66,Norwood,Ernser,2023-03-30 21:49:39.506843,2023-03-31 15:38:28.153082
3ba8114b-be39-4809-a3b9-a47bf49bc366,Jose,Berge,2023-03-30 21:49:39.530894,2023-03-30 21:49:39.530894
3f23ac51-0faa-412f-90e5-a09e9298ea9c,Colleen,McClure,2023-03-30 21:49:39.512871,2023-03-30 21:49:39.512871
40073800-3aca-4c8a-a91e-4c54ae70feae,Felipa,Collier,2023-03-30 21:49:39.507986,2023-03-31 15:38:28.154148
43d1e9cc-0fe7-4ee4-9d56-3ab1b0d19378,Montana,Bruen,2023-03-30 21:49:39.52888,2023-03-30 21:49:39.52888
4709daca-0901-4891-9660-f26797b77ff7,Maegan,Bartoletti,2023-03-30 21:49:39.514903,2023-03-30 21:49:39.514903
49947f66-8d3f-4379-b096-126cb88c3c62,Cathryn,Runte,2023-03-30 21:49:39.47797,2023-03-31 15:38:28.113758
4a461dd8-2cd4-4683-b155-a8114ed8bc6e,Judd,Streich,2023-03-30 21:49:39.554172,2023-03-30 21:49:39.554172
4bfc7eea-badc-4475-a546-941e08f2629e,Greyson,Schaefer,2023-03-30 21:49:39.491763,2023-03-31 15:38:28.134747
4ddc1fca-fcbf-4b97-b947-d5bffe13e122,Elvie,Schuppe,2023-03-30 21:49:39.523993,2023-03-30 21:49:39.523993
520818b3-8b8f-4b76-996d-acbfd273ecd2,Davon,Gislason,2023-03-30 21:49:39.541218,2023-03-30 21:49:39.541218
5656c6c7-b35a-41f8-8f4c-f876cd713e15,Anabel,Turcotte,2023-03-30 21:49:39.467769,2023-03-31 15:38:28.096283
5777c5d5-5e9b-4ee7-8c52-59dea331ce6e,Osvaldo,Bogisich,2023-03-30 21:49:39.520981,2023-03-30 21:49:39.520981
57ecde4c-c25e-4264-9e8f-5ea0e133948d,Janessa,Heathcote,2023-03-30 21:49:39.558494,2023-03-30 21:49:39.558494
5940a902-b239-4b4d-94c7-44564c652924,Cathryn,Schneider,2023-03-30 21:49:39.556278,2023-03-30 21:49:39.556278
5a54bbec-e954-4bc2-a95c-54b98e3bef92,Veronica,Gleason,2023-03-30 21:49:39.504592,2023-03-31 15:38:28.150997
60efe135-13de-463a-ba54-c4da104b9411,Dimitri,Haag,2023-03-30 21:49:39.489698,2023-03-31 15:38:28.13201
6226d07c-742b-46ed-a521-eb543029d2be,Susana,Schowalter,2023-03-30 21:49:39.566574,2023-03-30 21:49:39.566574
6340a1c5-5ac4-4eb1-a7c3-88b9be0cedc4,Zachary,Grant,2023-03-30 21:49:39.53996,2023-03-30 21:49:39.53996
6625c8fb-7f50-4ec5-b0e9-5349a9588bfb,Tate,Legros,2023-03-30 21:49:39.474712,2023-03-31 15:38:28.108424
66db1438-a2c3-4586-86b2-397f21b70500,Rita,Ernser,2023-03-30 21:49:39.5716,2023-03-30 21:49:39.5716
69615186-43c4-4db7-a837-cc12a9437572,Kristian,McCullough,2023-03-30 21:49:39.500426,2023-03-31 15:38:28.14651
6a133281-553e-41ba-994d-61744d5bd384,Dulce,Weissnat,2023-03-30 21:49:39.485468,2023-03-31 15:38:28.126002
6d38c59b-31f7-47b4-9f54-56dd830dccf3,Jayce,Howe,2023-03-30 21:49:39.497106,2023-03-31 15:38:28.14154
70f1e7cf-45fc-4595-92f7-deadcf18a009,Alene,Sanford,2023-03-30 21:49:39.536904,2023-03-30 21:49:39.536904
76b433a4-cb3a-49e5-869a-ab104593c432,Rose,Quitzon,2023-03-30 21:49:39.517858,2023-03-30 21:49:39.517858
7965ff27-bf13-4990-b762-f337b567873c,Kristian,Hane,2023-03-30 21:49:39.483253,2023-03-31 15:38:28.123268
7dc67635-4355-40de-9a65-1d18f6ac5065,Charity,Schaden,2023-03-30 21:49:39.478992,2023-03-31 15:38:28.115875
7eba7acb-9b5f-457d-a564-8f77c24190c9,Jazlyn,Greenfelder,2023-03-30 21:49:39.488657,2023-03-31 15:38:28.130704
807ebdb7-041d-413c-8eaf-ee9d224ed62f,Monica,Kilback,2023-03-30 21:49:39.470258,2023-03-31 15:38:28.100373
83c98077-946f-455f-8e20-b080e1c71db5,Emelie,Hudson,2023-03-30 21:49:39.515902,2023-03-30 21:49:39.515902
83cf0390-4ee3-48a9-94e7-32c93df14ab5,Columbus,Sporer,2023-03-30 21:49:39.550997,2023-03-30 21:49:39.550997
87e33c89-b3a5-42e2-864f-c13df1e256d2,Deanna,Muller,2023-03-30 21:49:39.538929,2023-03-30 21:49:39.538929
8937db91-e873-47f2-a6ff-73ec97c6d471,June,Lowe,2023-03-30 21:49:39.495016,2023-03-31 15:38:28.139011
8b18f3ac-1598-4fce-8dbf-a6cfba1cb874,Adele,Quitzon,2023-03-30 21:49:39.516881,2023-03-30 21:49:39.516881
8c8044f8-4f67-4d68-911a-c5d6ab41aa10,Kameron,Beer,2023-03-30 21:49:39.510873,2023-03-31 15:38:28.156283
8cbdda24-8e2d-4430-88dc-7fafede0351c,Howell,Marks,2023-03-30 21:49:39.526885,2023-03-30 21:49:39.526885
8d00605d-57fb-48c9-8c6e-1aecfcce61c5,Clint,Brekke,2023-03-30 21:49:39.542393,2023-03-30 21:49:39.542393
8d2045e2-028c-40c7-b59a-4dd702f197a6,Jesus,Rice,2023-03-30 21:49:39.533938,2023-03-30 21:49:39.533938
8d57b525-d4e9-486a-a79b-82a238dc7485,Fermin,Cremin,2023-03-30 21:49:39.53192,2023-03-30 21:49:39.53192
8f51eb4f-05ca-4a9e-9d8a-b762bfef252c,Bobby,Watsica,2023-03-30 21:49:39.466508,2023-03-31 15:38:28.093766
959e6ce0-bb81-4630-9375-cee923bf1fd2,Lewis,Kerluke,2023-03-30 21:49:39.484351,2023-03-31 15:38:28.124761
9c99a170-84c5-4b1e-892d-263913024a5a,Carlotta,Sauer,2023-03-30 21:49:39.54685,2023-03-30 21:49:39.54685
9dac4058-1ccc-48ad-8441-19bd99bb425e,Madie,Roob,2023-03-30 21:49:39.561597,2023-03-30 21:49:39.561597
9de688cb-62ae-4f25-86cf-517e17a5232c,Brent,Raynor,2023-03-30 21:49:39.527841,2023-03-30 21:49:39.527841
9ea6c149-705c-47b1-a65e-3dc420ddbd2f,Immanuel,Spencer,2023-03-30 21:49:39.511854,2023-03-31 15:38:28.157358
9eafcbaf-3584-487f-a642-3eded6490480,Ashley,Cremin,2023-03-30 21:49:39.545877,2023-03-30 21:49:39.545877
9efbaed7-29f4-4844-9f76-ddf57041f111,Sarah,Erdman,2023-03-30 21:49:39.476933,2023-03-31 15:38:28.111914
9fdf5fe3-de1f-42fe-8e73-768ee97c22d5,Janessa,Kulas,2023-03-30 21:49:39.464643,2023-03-31 15:38:28.085784
a11cac0d-dd5f-4553-881d-9a7ad908d4b5,Collin,Wiegand,2023-03-30 21:49:39.567718,2023-03-30 21:49:39.567718
a13983c5-186b-4655-a0a0-a7f1ce7bf23c,Michaela,Walker,2023-03-30 21:49:39.496092,2023-03-31 15:38:28.140183
a59baf98-7d72-4f3b-ab20-cb3a9b675eb7,Maegan,Dickinson,2023-03-30 21:49:39.472482,2023-03-31 15:38:28.104206
a7608aca-7a16-4e1d-916d-a4e795ed874f,Lupe,Durgan,2023-03-30 21:49:39.493983,2023-03-31 15:38:28.137751
a7eec47c-aebc-4bc6-82dd-d492eacd2c36,Kyler,Casper,2023-03-30 21:49:39.557419,2023-03-30 21:49:39.557419
af117b7a-5b5a-4636-b143-16b7e80e99ad,Everett,Reichert,2023-03-30 21:49:39.469117,2023-03-31 15:38:28.09827
b3580862-2664-4efb-8778-26e338ed4928,Michaela,Hintz,2023-03-30 21:49:39.548794,2023-03-30 21:49:39.548794
b6ed8a86-cd19-448f-91ea-a8ea0c3a685d,Elisha,Hayes,2023-03-30 21:49:39.525899,2023-03-30 21:49:39.525899
b80c781e-caa2-4ab0-99ed-07db3fec6e6f,Guy,Ziemann,2023-03-30 21:49:39.537891,2023-03-30 21:49:39.537891
b93e0d67-1e42-4776-b780-ac85ddddd76f,Rickey,Mertz,2023-03-30 21:49:39.563707,2023-03-30 21:49:39.563707
ba923654-cf67-4d89-8ec0-db6ddd42edca,Delia,Strosin,2023-03-30 21:49:39.521961,2023-03-30 21:49:39.521961
bc6bfe45-cb1f-42f5-b66d-43ed35bfd595,Athena,Smitham,2023-03-30 21:49:39.568931,2023-03-30 21:49:39.568931
be01d128-6f57-488e-bd69-eedf4fa014db,Abdiel,Hahn,2023-03-30 21:49:39.522985,2023-03-30 21:49:39.522985
c387e5de-7859-40f0-90fe-cf5ee8be78de,Cameron,Nienow,2023-03-30 21:49:39.519842,2023-03-30 21:49:39.519842
c42a298e-8811-42b4-afe4-058ed9edb332,Jailyn,Wilkinson,2023-03-30 21:49:39.555217,2023-03-30 21:49:39.555217
cb54f98d-1ea3-4369-88fd-3c05259f956c,Gabe,Schimmel,2023-03-30 21:49:39.479989,2023-03-31 15:38:28.117955
cbe4ef2b-183a-455f-8e2c-1a22bf126b76,Kelton,Pacocha,2023-03-30 21:49:39.524932,2023-03-30 21:49:39.524932
cc79b3c9-4c4b-452b-823b-774d22dbe70f,Mireille,Beer,2023-03-30 21:49:39.570435,2023-03-30 21:49:39.570435
d4edca7a-c426-42c0-9be4-2a1734dd07e7,Myrna,Steuber,2023-03-30 21:49:39.553119,2023-03-30 21:49:39.553119
d9fccde0-f4cf-4eee-a80a-058d8ec31063,Joannie,Hegmann,2023-03-30 21:49:39.560592,2023-03-30 21:49:39.560592
df4eacd0-4dc3-4740-b689-14f9e3147e87,Josefa,Trantow,2023-03-30 21:49:39.565274,2023-03-30 21:49:39.565274
e0e065bf-fcfb-4575-a514-09104761d69c,Malcolm,Schoen,2023-03-30 21:49:39.562693,2023-03-30 21:49:39.562693
e2a7fd80-7eb8-4b8e-ab88-889850347629,Baylee,Armstrong,2023-03-30 21:49:39.544687,2023-03-30 21:49:39.544687
e47c9bb2-1363-4aee-ad1b-41c6ebb9ba4a,Romaine,Kuphal,2023-03-30 21:49:39.471436,2023-03-31 15:38:28.102609
ec285732-531b-4506-8cdb-434abcb6ca46,Jamir,Zemlak,2023-03-30 21:49:39.552044,2023-03-30 21:49:39.552044
f4694f44-21a2-4e6f-a54a-6b97d774ebbd,Myrna,Romaguera,2023-03-30 21:49:39.508978,2023-03-31 15:38:28.155176
f6750b9e-bbba-487c-a209-d12144836daa,Edd,Mante,2023-03-30 21:49:39.480997,2023-03-31 15:38:28.119675
fd3d58c5-08e8-4f0f-97f8-024f87d173db,Mercedes,Reynolds,2023-03-30 21:49:39.492909,2023-03-31 15:38:28.136416
ff6b9889-fbf2-40e6-b856-17948623cd75,King,Wuckert,2023-03-30 21:49:39.543653,2023-03-30 21:49:39.543653